article_id,author_id,full_name
19072f6c5d5ce2f05bf0dc205d889b6ead14bd9d,0,Ferrán_Catalá-López
19072f6c5d5ce2f05bf0dc205d889b6ead14bd9d,1,Rafael_Aleixandre-Benavent
19072f6c5d5ce2f05bf0dc205d889b6ead14bd9d,2,Lisa_Caulley
19072f6c5d5ce2f05bf0dc205d889b6ead14bd9d,3,Brian_Hutton
19072f6c5d5ce2f05bf0dc205d889b6ead14bd9d,4,Rafael_Tabarés-Seisdedos
19072f6c5d5ce2f05bf0dc205d889b6ead14bd9d,5,David_Moher
19072f6c5d5ce2f05bf0dc205d889b6ead14bd9d,6,Adolfo_Alonso-Arroyo
96db1c2b60c86121116ed96cff8dc6c4c71aa960,7,Peter_Ingwersen
96db1c2b60c86121116ed96cff8dc6c4c71aa960,8,Soeren_Holm
96db1c2b60c86121116ed96cff8dc6c4c71aa960,9,Birger_Larsen
96db1c2b60c86121116ed96cff8dc6c4c71aa960,10,Thomas_Ploug
bd30ecec50659572423685063502981bbb05d58f,11,Carlo_Graziani
12480cf93546b50d74e32b11fd13e3c709fb341e,12,Susan_Martonosi
12480cf93546b50d74e32b11fd13e3c709fb341e,13,Banafsheh_Behzad
12480cf93546b50d74e32b11fd13e3c709fb341e,14,Kayla_Cummings
d39b521ba6b74ec1adea27127ebf16579facd3a2,15,Sara_E_Oliver
d39b521ba6b74ec1adea27127ebf16579facd3a2,16,Julia_W_Gargano
d39b521ba6b74ec1adea27127ebf16579facd3a2,17,Mona_Marin
d39b521ba6b74ec1adea27127ebf16579facd3a2,18,Megan_Wallace
d39b521ba6b74ec1adea27127ebf16579facd3a2,19,Drph
d39b521ba6b74ec1adea27127ebf16579facd3a2,20,Kathryn_G_Curran
d39b521ba6b74ec1adea27127ebf16579facd3a2,21,Mary_Chamberland
d39b521ba6b74ec1adea27127ebf16579facd3a2,22,Nancy_Mcclung
d39b521ba6b74ec1adea27127ebf16579facd3a2,23,Doug_Campos-Outcalt
d39b521ba6b74ec1adea27127ebf16579facd3a2,24,Rebecca_L_Morgan
d39b521ba6b74ec1adea27127ebf16579facd3a2,25,Sarah_Mbaeyi
d39b521ba6b74ec1adea27127ebf16579facd3a2,26,José_R_Romero
d39b521ba6b74ec1adea27127ebf16579facd3a2,27,;_H_Keipp_Talbot
d39b521ba6b74ec1adea27127ebf16579facd3a2,28,;_Grace
d39b521ba6b74ec1adea27127ebf16579facd3a2,29,M_Lee
d39b521ba6b74ec1adea27127ebf16579facd3a2,30,Beth_P_Bell
d39b521ba6b74ec1adea27127ebf16579facd3a2,31,Kathleen_Dooling
c260a551809d4ef5015b5843d134993b5aed9198,32,Jeanne_M_Palmer
c260a551809d4ef5015b5843d134993b5aed9198,33,Carolyn_Mead-Harvey
c260a551809d4ef5015b5843d134993b5aed9198,34,Claire_Harrison
c260a551809d4ef5015b5843d134993b5aed9198,35,Amylou_C_Dueck
c260a551809d4ef5015b5843d134993b5aed9198,36,Ryan_Eckert
c260a551809d4ef5015b5843d134993b5aed9198,37,Heidi_E_Kosiorek
c260a551809d4ef5015b5843d134993b5aed9198,38,Pablo_Muxi
c260a551809d4ef5015b5843d134993b5aed9198,39,Naveen_Pemmaraju
c260a551809d4ef5015b5843d134993b5aed9198,40,Guillermo_Ruiz_Arguelles
c260a551809d4ef5015b5843d134993b5aed9198,41,Alessandro_M_Vannucchi
c260a551809d4ef5015b5843d134993b5aed9198,42,Vikas_Gupta
c260a551809d4ef5015b5843d134993b5aed9198,43,John_Mascarenhas
c260a551809d4ef5015b5843d134993b5aed9198,44,Kerry_Taylor
c260a551809d4ef5015b5843d134993b5aed9198,45,Frcpa
c260a551809d4ef5015b5843d134993b5aed9198,46,Krisstina_L_Gowin
c260a551809d4ef5015b5843d134993b5aed9198,47,Holly_L_Geyer
c260a551809d4ef5015b5843d134993b5aed9198,48,Kazuya_Shimoda
c260a551809d4ef5015b5843d134993b5aed9198,49,Jean-Jacques_Kiladjian
c260a551809d4ef5015b5843d134993b5aed9198,50,Norio_Komatsu
c260a551809d4ef5015b5843d134993b5aed9198,51,Grace_Kam_Li
c260a551809d4ef5015b5843d134993b5aed9198,52,Shan
c260a551809d4ef5015b5843d134993b5aed9198,53,Virginia_Abello
c260a551809d4ef5015b5843d134993b5aed9198,54,David_Gomez-Almaguer
c260a551809d4ef5015b5843d134993b5aed9198,55,Robyn_M_Scherber
c260a551809d4ef5015b5843d134993b5aed9198,56,Qian_Jiang
c260a551809d4ef5015b5843d134993b5aed9198,57,Xuelan_Zuo
c260a551809d4ef5015b5843d134993b5aed9198,58,Jennifer_Huberty
c260a551809d4ef5015b5843d134993b5aed9198,59,Lesley_Anderson
c260a551809d4ef5015b5843d134993b5aed9198,60,Blake_T_Langlais
c260a551809d4ef5015b5843d134993b5aed9198,61,Ann_Brazeau
c260a551809d4ef5015b5843d134993b5aed9198,62,Michelle_Woehrle
c260a551809d4ef5015b5843d134993b5aed9198,63,Michael_J_Mauro
c260a551809d4ef5015b5843d134993b5aed9198,64,Ruben_Mesa
31baa987a980f41568ef7744d345e974d74b4494,65,Evangelos_Terpos
31baa987a980f41568ef7744d345e974d74b4494,66,Marianna_Politou
31baa987a980f41568ef7744d345e974d74b4494,67,Theodoros_N_Sergentanis
31baa987a980f41568ef7744d345e974d74b4494,68,Andreas_Mentis
31baa987a980f41568ef7744d345e974d74b4494,69,Vassiliki_Pappa
31baa987a980f41568ef7744d345e974d74b4494,70,Maria_Pagoni
31baa987a980f41568ef7744d345e974d74b4494,71,Elisavet_Grouzi
31baa987a980f41568ef7744d345e974d74b4494,72,Stavroula_Labropoulou
31baa987a980f41568ef7744d345e974d74b4494,73,Ioanna_Charitaki
31baa987a980f41568ef7744d345e974d74b4494,74,Dimitra_Moschandreou
31baa987a980f41568ef7744d345e974d74b4494,75,Anthi_Bouhla
31baa987a980f41568ef7744d345e974d74b4494,76,Stylianos_Saridakis
31baa987a980f41568ef7744d345e974d74b4494,77,Eleni_Korompoki
31baa987a980f41568ef7744d345e974d74b4494,78,Chara_Giatra
31baa987a980f41568ef7744d345e974d74b4494,79,Tina_Bagratuni
31baa987a980f41568ef7744d345e974d74b4494,80,Angelos_Pefanis
31baa987a980f41568ef7744d345e974d74b4494,81,Sotirios_Papageorgiou
31baa987a980f41568ef7744d345e974d74b4494,82,Alexandros_Spyridonidis
31baa987a980f41568ef7744d345e974d74b4494,83,Anastasia_Antoniadou
31baa987a980f41568ef7744d345e974d74b4494,84,Anastasia_Kotanidou
31baa987a980f41568ef7744d345e974d74b4494,85,Konstantinos_Syrigos
31baa987a980f41568ef7744d345e974d74b4494,86,Konstantinos_Stamoulis
31baa987a980f41568ef7744d345e974d74b4494,87,George_Panayiotakopoulos
31baa987a980f41568ef7744d345e974d74b4494,88,Sotirios_Tsiodras
31baa987a980f41568ef7744d345e974d74b4494,89,Leonidas_Alexopoulos
31baa987a980f41568ef7744d345e974d74b4494,90,Meletios_A_Dimopoulos
b5b354b52a3e7bfb6660d2b6d102a57928432e66,91,Andrew_Ip
b5b354b52a3e7bfb6660d2b6d102a57928432e66,92,Anthony_Mato
b5b354b52a3e7bfb6660d2b6d102a57928432e66,93,Jordan_Intrator
b5b354b52a3e7bfb6660d2b6d102a57928432e66,94,Nicholas_P_Howard
b5b354b52a3e7bfb6660d2b6d102a57928432e66,95,Alessandra_Petrillo
b5b354b52a3e7bfb6660d2b6d102a57928432e66,96,Rosalba_Vicioso
b5b354b52a3e7bfb6660d2b6d102a57928432e66,97,Ba
b5b354b52a3e7bfb6660d2b6d102a57928432e66,98,Rani_Sebti
b5b354b52a3e7bfb6660d2b6d102a57928432e66,99,Cristina_Cicogna
b5b354b52a3e7bfb6660d2b6d102a57928432e66,100,Gabriella_Magarelli
b5b354b52a3e7bfb6660d2b6d102a57928432e66,101,"Acnp-Bc,"
b5b354b52a3e7bfb6660d2b6d102a57928432e66,102,Lori_A_Leslie
b5b354b52a3e7bfb6660d2b6d102a57928432e66,103,Andre_H_Goy
b5b354b52a3e7bfb6660d2b6d102a57928432e66,104,Tatyana_A_Feldman
4b1fede5d5b976e62d95b892246c35ef2bba9852,105,Stephanie_Berg
4b1fede5d5b976e62d95b892246c35ef2bba9852,106,Seo-Hyun_Kim
4b1fede5d5b976e62d95b892246c35ef2bba9852,107,Sonam_Patel
4b1fede5d5b976e62d95b892246c35ef2bba9852,108,Priya_Rajakumar
4b1fede5d5b976e62d95b892246c35ef2bba9852,109,Elizabeth_Jane_Elliott
4b1fede5d5b976e62d95b892246c35ef2bba9852,110,Candice_Schwartz
4b1fede5d5b976e62d95b892246c35ef2bba9852,111,James_Coggan
4b1fede5d5b976e62d95b892246c35ef2bba9852,112,Amy_Wozniak
4b1fede5d5b976e62d95b892246c35ef2bba9852,113,Yanyu_Zhang
4b1fede5d5b976e62d95b892246c35ef2bba9852,114,Saad_Arain
4b1fede5d5b976e62d95b892246c35ef2bba9852,115,Abhigna_Kodali
4b1fede5d5b976e62d95b892246c35ef2bba9852,116,Daulath_Singh
4b1fede5d5b976e62d95b892246c35ef2bba9852,117,Oluwatobi_Odetola
4b1fede5d5b976e62d95b892246c35ef2bba9852,118,Hina_Dalal
4b1fede5d5b976e62d95b892246c35ef2bba9852,119,Rebecca_Feltman_Frank
4b1fede5d5b976e62d95b892246c35ef2bba9852,120,Diana_Kreppel
4b1fede5d5b976e62d95b892246c35ef2bba9852,121,Ellen_Murchie
4b1fede5d5b976e62d95b892246c35ef2bba9852,122,Laura_Pax
4b1fede5d5b976e62d95b892246c35ef2bba9852,123,Ahmed_Aleem
4b1fede5d5b976e62d95b892246c35ef2bba9852,124,Ryan_Guerrettaz
4b1fede5d5b976e62d95b892246c35ef2bba9852,125,Raymond_W_Lee
4b1fede5d5b976e62d95b892246c35ef2bba9852,126,Glenda_Delgado-Ramos
4b1fede5d5b976e62d95b892246c35ef2bba9852,127,Fatema_Esmail
4b1fede5d5b976e62d95b892246c35ef2bba9852,128,Patrick_Moore
4b1fede5d5b976e62d95b892246c35ef2bba9852,129,Shuai_Qin
4b1fede5d5b976e62d95b892246c35ef2bba9852,130,Nicholas_Torgerson
4b1fede5d5b976e62d95b892246c35ef2bba9852,131,Tracie_Watson
4b1fede5d5b976e62d95b892246c35ef2bba9852,132,Kevin_Barton
4b1fede5d5b976e62d95b892246c35ef2bba9852,133,Patrick_Hagen
4b1fede5d5b976e62d95b892246c35ef2bba9852,134,Nasheed_Hossain
4b1fede5d5b976e62d95b892246c35ef2bba9852,135,Anthi_Katsouli
4b1fede5d5b976e62d95b892246c35ef2bba9852,136,Erin_M_Lowery
4b1fede5d5b976e62d95b892246c35ef2bba9852,137,Melissa_L_Larson
4b1fede5d5b976e62d95b892246c35ef2bba9852,138,Hanh_Mai
4b1fede5d5b976e62d95b892246c35ef2bba9852,139,Katie_W_Phelan
4b1fede5d5b976e62d95b892246c35ef2bba9852,140,Sucha_Nand
4b1fede5d5b976e62d95b892246c35ef2bba9852,141,Patrick_J_Stiff
4b1fede5d5b976e62d95b892246c35ef2bba9852,142,Santosh_L_Saraf
de2cc1c40c2b66aad07e4cc1288b31f4d8d531a7,143,Cristina_De_Ramón
de2cc1c40c2b66aad07e4cc1288b31f4d8d531a7,144,Jose_Angel_Hernandez-Rivas
de2cc1c40c2b66aad07e4cc1288b31f4d8d531a7,145,Jose_Antonio_Rodríguez_García
de2cc1c40c2b66aad07e4cc1288b31f4d8d531a7,146,Enrique_M_Ocio
de2cc1c40c2b66aad07e4cc1288b31f4d8d531a7,147,María_Teresa_Gómez-Casares
de2cc1c40c2b66aad07e4cc1288b31f4d8d531a7,148,Javier_López_Jiménez
de2cc1c40c2b66aad07e4cc1288b31f4d8d531a7,149,Carlos_Solano
de2cc1c40c2b66aad07e4cc1288b31f4d8d531a7,150,Joaquín_Martínez-López
de2cc1c40c2b66aad07e4cc1288b31f4d8d531a7,151,Anna_Sureda
de2cc1c40c2b66aad07e4cc1288b31f4d8d531a7,152,Manuel_Jurado
de2cc1c40c2b66aad07e4cc1288b31f4d8d531a7,153,Raul_Córdoba
de2cc1c40c2b66aad07e4cc1288b31f4d8d531a7,154,Celina_Benavente
de2cc1c40c2b66aad07e4cc1288b31f4d8d531a7,155,Pascual_Marco
de2cc1c40c2b66aad07e4cc1288b31f4d8d531a7,156,Jose_Antonio_Pérez-Simón
de2cc1c40c2b66aad07e4cc1288b31f4d8d531a7,157,Jose_Maria_Moraleda
de2cc1c40c2b66aad07e4cc1288b31f4d8d531a7,158,Angela_Figuera
de2cc1c40c2b66aad07e4cc1288b31f4d8d531a7,159,Emilia_Pardal
de2cc1c40c2b66aad07e4cc1288b31f4d8d531a7,160,Cristina_Pascual_Izquierdo
de2cc1c40c2b66aad07e4cc1288b31f4d8d531a7,161,Ramon_Garcia-Sanz
de2cc1c40c2b66aad07e4cc1288b31f4d8d531a7,162,Servicio_De
de2cc1c40c2b66aad07e4cc1288b31f4d8d531a7,163,Hematología_Hospital_De
de2cc1c40c2b66aad07e4cc1288b31f4d8d531a7,164,La_Princesa
de2cc1c40c2b66aad07e4cc1288b31f4d8d531a7,165,Madrid
de2cc1c40c2b66aad07e4cc1288b31f4d8d531a7,166,Spain
03ef20828a9fc2ff98b489b3f8e8f251222ebd07,167,Humberto_Martínez_Cordero
03ef20828a9fc2ff98b489b3f8e8f251222ebd07,168,Camila_Peña
03ef20828a9fc2ff98b489b3f8e8f251222ebd07,169,Dorotea_Fantl
03ef20828a9fc2ff98b489b3f8e8f251222ebd07,170,Eloisa_Riva
03ef20828a9fc2ff98b489b3f8e8f251222ebd07,171,Natalia_Paola_Schutz
414eb129c7c69c281d3377290ad96304d8fe51b7,172,Wenjiang_Fu
414eb129c7c69c281d3377290ad96304d8fe51b7,173,Jieni_Li
414eb129c7c69c281d3377290ad96304d8fe51b7,174,Paul_Scheet
f63ba27478f355601e0b17aea468f3968a0c063a,175,Roberta_Demichelis
f63ba27478f355601e0b17aea468f3968a0c063a,176,Martha_Alvarado
f63ba27478f355601e0b17aea468f3968a0c063a,177,Jule_F_Vasquez
f63ba27478f355601e0b17aea468f3968a0c063a,178,Nancy_Delgado
f63ba27478f355601e0b17aea468f3968a0c063a,179,Cynthia_Gómez
f63ba27478f355601e0b17aea468f3968a0c063a,180,Karla_Adriana_Espinosa
f63ba27478f355601e0b17aea468f3968a0c063a,181,Ana_Cooke
f63ba27478f355601e0b17aea468f3968a0c063a,182,Andrea_Milan
f63ba27478f355601e0b17aea468f3968a0c063a,183,Andres_Gomez-De_Leon
f63ba27478f355601e0b17aea468f3968a0c063a,184,Lee-Tsai_Yu_Ling
f63ba27478f355601e0b17aea468f3968a0c063a,185,Daniel_Estuardo_Rosales
f63ba27478f355601e0b17aea468f3968a0c063a,186,Alvaro_Cabrero_Garcia
f63ba27478f355601e0b17aea468f3968a0c063a,187,Lauro_Fabian_Amador
f63ba27478f355601e0b17aea468f3968a0c063a,188,Carmina_Alejandra_Córdova-Ramírez
f63ba27478f355601e0b17aea468f3968a0c063a,189,Iván_Murrieta-Álvarez
f63ba27478f355601e0b17aea468f3968a0c063a,190,Juan_Carlos_Solís-Poblano
f63ba27478f355601e0b17aea468f3968a0c063a,191,Elia_Ixel_Apodaca
f63ba27478f355601e0b17aea468f3968a0c063a,192,Juan_Rangel-Patiño
f63ba27478f355601e0b17aea468f3968a0c063a,193,Jose_Luis_Álvarez
f63ba27478f355601e0b17aea468f3968a0c063a,194,Luara_Arana
f63ba27478f355601e0b17aea468f3968a0c063a,195,Jose_Antonio_De_La_Peña-Celaya
f63ba27478f355601e0b17aea468f3968a0c063a,196,María_Eugenia_Espitia
f63ba27478f355601e0b17aea468f3968a0c063a,197,Eleazar_Hernandez
f63ba27478f355601e0b17aea468f3968a0c063a,198,Juan_Manuel_Perez
f63ba27478f355601e0b17aea468f3968a0c063a,199,Rosa_González-Rivera
f63ba27478f355601e0b17aea468f3968a0c063a,200,María_Fernanda_García-Leyva
f63ba27478f355601e0b17aea468f3968a0c063a,201,Estefania_Peña
f63ba27478f355601e0b17aea468f3968a0c063a,202,Monica_Tejeda_Romero
f63ba27478f355601e0b17aea468f3968a0c063a,203,Carolina_Balderas-Delgado
f63ba27478f355601e0b17aea468f3968a0c063a,204,Jorge_Cruz_Rico
f63ba27478f355601e0b17aea468f3968a0c063a,40,Guillermo_Ruiz_Arguelles
f63ba27478f355601e0b17aea468f3968a0c063a,54,David_Gomez-Almaguer
c5f8c80fd50d6a605e1da1e1f8409dffe1cde7b4,205,Abi_Vijenthira
c5f8c80fd50d6a605e1da1e1f8409dffe1cde7b4,206,Inna_Gong
c5f8c80fd50d6a605e1da1e1f8409dffe1cde7b4,207,Thomas_A_Fox
c5f8c80fd50d6a605e1da1e1f8409dffe1cde7b4,208,Stephen_Booth
c5f8c80fd50d6a605e1da1e1f8409dffe1cde7b4,209,Gordon_Cook
c5f8c80fd50d6a605e1da1e1f8409dffe1cde7b4,210,M_B_Chb
c5f8c80fd50d6a605e1da1e1f8409dffe1cde7b4,211,Bruno_Fattizzo
c5f8c80fd50d6a605e1da1e1f8409dffe1cde7b4,212,Fernando_Martín_Moro
c5f8c80fd50d6a605e1da1e1f8409dffe1cde7b4,213,Jerome_Razanamahery
c5f8c80fd50d6a605e1da1e1f8409dffe1cde7b4,214,John_Riches
c5f8c80fd50d6a605e1da1e1f8409dffe1cde7b4,215,Jeffrey_I_Zwicker
c5f8c80fd50d6a605e1da1e1f8409dffe1cde7b4,216,Rushad_Patell
c5f8c80fd50d6a605e1da1e1f8409dffe1cde7b4,217,Marie_Christiane_Vekemans
c5f8c80fd50d6a605e1da1e1f8409dffe1cde7b4,218,Lydia_Scarfo
c5f8c80fd50d6a605e1da1e1f8409dffe1cde7b4,219,Thomas_Chatzikonstantinou
c5f8c80fd50d6a605e1da1e1f8409dffe1cde7b4,220,Halil_Yildiz
c5f8c80fd50d6a605e1da1e1f8409dffe1cde7b4,221,Raphael_Lattenist
c5f8c80fd50d6a605e1da1e1f8409dffe1cde7b4,222,Ioannis_Mantzaris
c5f8c80fd50d6a605e1da1e1f8409dffe1cde7b4,223,William_Wood
c5f8c80fd50d6a605e1da1e1f8409dffe1cde7b4,224,Lisa_K_Hicks
c5f8c80fd50d6a605e1da1e1f8409dffe1cde7b4,225,Ka_Li
0b5ce0bef5e7b10596db67287e871161f65ae75d,226,Hanny_Al-Samkari
0b5ce0bef5e7b10596db67287e871161f65ae75d,227,Fei_Song
0b5ce0bef5e7b10596db67287e871161f65ae75d,228,Elizabeth_M_Van_Cott
0b5ce0bef5e7b10596db67287e871161f65ae75d,229,David_J_Kuter
0b5ce0bef5e7b10596db67287e871161f65ae75d,230,Rachel_P_Rosovsky
c7c1c9dd000bf2a67d4dec9e9731246db81758b8,231,T_M_Wise-Draper
c7c1c9dd000bf2a67d4dec9e9731246db81758b8,232,A_Desai
c7c1c9dd000bf2a67d4dec9e9731246db81758b8,233,A_Elkrief
c7c1c9dd000bf2a67d4dec9e9731246db81758b8,234,B_I_Rini
c7c1c9dd000bf2a67d4dec9e9731246db81758b8,235,D_B_Flora
c7c1c9dd000bf2a67d4dec9e9731246db81758b8,236,D_W_Bowles
c7c1c9dd000bf2a67d4dec9e9731246db81758b8,237,D_Shah
c7c1c9dd000bf2a67d4dec9e9731246db81758b8,238,D_Rivera
c7c1c9dd000bf2a67d4dec9e9731246db81758b8,239,D_B_Johnson
c7c1c9dd000bf2a67d4dec9e9731246db81758b8,240,G_Lopes
c7c1c9dd000bf2a67d4dec9e9731246db81758b8,241,P_Grivas
c7c1c9dd000bf2a67d4dec9e9731246db81758b8,242,M_A_Thompson
c7c1c9dd000bf2a67d4dec9e9731246db81758b8,243,S_Peters
c7c1c9dd000bf2a67d4dec9e9731246db81758b8,244,N_M_Kuderer
c7c1c9dd000bf2a67d4dec9e9731246db81758b8,245,N_L_Nock
c7c1c9dd000bf2a67d4dec9e9731246db81758b8,246,P_Grover
c7c1c9dd000bf2a67d4dec9e9731246db81758b8,247,X_Li
c7c1c9dd000bf2a67d4dec9e9731246db81758b8,248,S_Gulati
c7c1c9dd000bf2a67d4dec9e9731246db81758b8,249,T_K_Choueiri
c7c1c9dd000bf2a67d4dec9e9731246db81758b8,250,J_Warner
2fb4cdfcb1358c715208ea4e13a9c46e252605ed,251,Laura_Solforosi
2fb4cdfcb1358c715208ea4e13a9c46e252605ed,252,Harmjan_Kuipers
2fb4cdfcb1358c715208ea4e13a9c46e252605ed,253,Sietske_K_Rosendahl_Huber
2fb4cdfcb1358c715208ea4e13a9c46e252605ed,254,Joan_E_M_Van_Der_Lubbe
2fb4cdfcb1358c715208ea4e13a9c46e252605ed,255,Liesbeth_Dekking
2fb4cdfcb1358c715208ea4e13a9c46e252605ed,256,Dominika_N_Czapska-Casey
2fb4cdfcb1358c715208ea4e13a9c46e252605ed,257,Ana_Izquierdo_Gil
2fb4cdfcb1358c715208ea4e13a9c46e252605ed,258,Miranda_R_M_Baert
2fb4cdfcb1358c715208ea4e13a9c46e252605ed,259,Joke_Drijver
2fb4cdfcb1358c715208ea4e13a9c46e252605ed,260,Joost_Vaneman
2fb4cdfcb1358c715208ea4e13a9c46e252605ed,261,Ella_Van_Huizen
2fb4cdfcb1358c715208ea4e13a9c46e252605ed,262,Ying_Choi
2fb4cdfcb1358c715208ea4e13a9c46e252605ed,263,Jessica_Vreugdenhil
2fb4cdfcb1358c715208ea4e13a9c46e252605ed,264,Tim_J_Dalebout
2fb4cdfcb1358c715208ea4e13a9c46e252605ed,265,Sebenzile_K_Myeni
2fb4cdfcb1358c715208ea4e13a9c46e252605ed,266,Marjolein_Kikkert
2fb4cdfcb1358c715208ea4e13a9c46e252605ed,267,Eric_J_Snijder
2fb4cdfcb1358c715208ea4e13a9c46e252605ed,268,Dan_H_Barouch
2fb4cdfcb1358c715208ea4e13a9c46e252605ed,269,Gerrit_Koopman
2fb4cdfcb1358c715208ea4e13a9c46e252605ed,270,Petra_Mooij
2fb4cdfcb1358c715208ea4e13a9c46e252605ed,271,Willy_M_J_M_Bogers
2fb4cdfcb1358c715208ea4e13a9c46e252605ed,272,Leacky_Muchene
2fb4cdfcb1358c715208ea4e13a9c46e252605ed,273,Jeroen_T_B_M_Tolboom
2fb4cdfcb1358c715208ea4e13a9c46e252605ed,274,Ramon_Roozendaal
2fb4cdfcb1358c715208ea4e13a9c46e252605ed,275,Hanneke_Schuitemaker
2fb4cdfcb1358c715208ea4e13a9c46e252605ed,276,Frank_Wegmann
2fb4cdfcb1358c715208ea4e13a9c46e252605ed,277,Roland_C_Zahn
45843b5c29ffdc478a6aceb2e4fe4f6597984d5d,278,Lymphocyte_Lymphocytes
45843b5c29ffdc478a6aceb2e4fe4f6597984d5d,279,Activation
45843b5c29ffdc478a6aceb2e4fe4f6597984d5d,280,Including_Immunodeficiency
45843b5c29ffdc478a6aceb2e4fe4f6597984d5d,281,Hiv
45843b5c29ffdc478a6aceb2e4fe4f6597984d5d,282,Other_Infections_|_November
bc7048f39c7935b24a24617d920f55c956291248,283,Aleena_Banerji
bc7048f39c7935b24a24617d920f55c956291248,284,Paige_G_Wickner
bc7048f39c7935b24a24617d920f55c956291248,285,Rebecca_Saff
bc7048f39c7935b24a24617d920f55c956291248,286,Cosby_A_Stone
bc7048f39c7935b24a24617d920f55c956291248,287,Lacey_B_Robinson
bc7048f39c7935b24a24617d920f55c956291248,288,Aidan_A_Long
bc7048f39c7935b24a24617d920f55c956291248,289,Anna_R_Wolfson
bc7048f39c7935b24a24617d920f55c956291248,290,Paul_Williams
bc7048f39c7935b24a24617d920f55c956291248,291,David_A_Khan
bc7048f39c7935b24a24617d920f55c956291248,292,Elizabeth_Phillips
bc7048f39c7935b24a24617d920f55c956291248,293,Kimberly_G_Blumenthal
3853149bc733b8ef4ad5f7e913cb91fcf6efec36,294,Muner_M_B_Mohamed
3853149bc733b8ef4ad5f7e913cb91fcf6efec36,295,Terrance_J_Wickman
3853149bc733b8ef4ad5f7e913cb91fcf6efec36,296,Agnes_B_Fogo
3853149bc733b8ef4ad5f7e913cb91fcf6efec36,297,Juan_Q_Carlos
3853149bc733b8ef4ad5f7e913cb91fcf6efec36,298,Velez
eafba985ae916a287d317de42927c9a6bcae3968,299,Carlos_Galvez
eafba985ae916a287d317de42927c9a6bcae3968,300,Imran_Nizamuddin
eafba985ae916a287d317de42927c9a6bcae3968,301,Emily_Tuchman
eafba985ae916a287d317de42927c9a6bcae3968,302,Peter_Doukas
eafba985ae916a287d317de42927c9a6bcae3968,303,Neha_Reddy
eafba985ae916a287d317de42927c9a6bcae3968,304,Jessica_K_Altman
eafba985ae916a287d317de42927c9a6bcae3968,305,Jane_N_Winter
eafba985ae916a287d317de42927c9a6bcae3968,306,Leo_I_Gordon
eafba985ae916a287d317de42927c9a6bcae3968,307,Dylan_Barth
eafba985ae916a287d317de42927c9a6bcae3968,308,Nicole_Hodgins
eafba985ae916a287d317de42927c9a6bcae3968,309,Barbara_Pro
eafba985ae916a287d317de42927c9a6bcae3968,310,Shuo_Ma
eafba985ae916a287d317de42927c9a6bcae3968,311,Shira_Dinner
eafba985ae916a287d317de42927c9a6bcae3968,312,Olga_Frankfurt
eafba985ae916a287d317de42927c9a6bcae3968,313,Jayesh_Mehta
eafba985ae916a287d317de42927c9a6bcae3968,314,Seema_Singhal
eafba985ae916a287d317de42927c9a6bcae3968,315,Kehinde_Adekola
eafba985ae916a287d317de42927c9a6bcae3968,316,Jonathan_Moreira
eafba985ae916a287d317de42927c9a6bcae3968,317,Sajal_D_Tanna
eafba985ae916a287d317de42927c9a6bcae3968,318,Firas_Wehbe
eafba985ae916a287d317de42927c9a6bcae3968,319,Reem_Karmali
2da484bab5fea1c1e43ece853173d9c5748cedad,320,A_Sbrana
2da484bab5fea1c1e43ece853173d9c5748cedad,321,F_Paolieri
2da484bab5fea1c1e43ece853173d9c5748cedad,322,F_Bloise
2da484bab5fea1c1e43ece853173d9c5748cedad,323,A_Nuzzo
2da484bab5fea1c1e43ece853173d9c5748cedad,324,S_Manacorda
2da484bab5fea1c1e43ece853173d9c5748cedad,325,E_Sammarco
2da484bab5fea1c1e43ece853173d9c5748cedad,326,F_Manfredi
2da484bab5fea1c1e43ece853173d9c5748cedad,327,C_Mercinelli
2da484bab5fea1c1e43ece853173d9c5748cedad,328,G_Gadducci
2da484bab5fea1c1e43ece853173d9c5748cedad,329,N_Giannini
2da484bab5fea1c1e43ece853173d9c5748cedad,330,A_Antonuzzo
2da484bab5fea1c1e43ece853173d9c5748cedad,331,F_Paiar
2da484bab5fea1c1e43ece853173d9c5748cedad,332,A_Falcone
2da484bab5fea1c1e43ece853173d9c5748cedad,333,F_Pasqualetti
2da484bab5fea1c1e43ece853173d9c5748cedad,334,L_Galli
2da484bab5fea1c1e43ece853173d9c5748cedad,335,M_Lecocq
2da484bab5fea1c1e43ece853173d9c5748cedad,336,C_E_Onesti
2da484bab5fea1c1e43ece853173d9c5748cedad,337,H_Schroeder
2da484bab5fea1c1e43ece853173d9c5748cedad,338,A_Rorive
2da484bab5fea1c1e43ece853173d9c5748cedad,339,M_Goffin
2da484bab5fea1c1e43ece853173d9c5748cedad,340,E_Gonne
2da484bab5fea1c1e43ece853173d9c5748cedad,341,B_Sautois
2da484bab5fea1c1e43ece853173d9c5748cedad,342,A_Catot
2da484bab5fea1c1e43ece853173d9c5748cedad,343,O_Wera
2da484bab5fea1c1e43ece853173d9c5748cedad,344,L_Nicolaers
2da484bab5fea1c1e43ece853173d9c5748cedad,345,A_Collinge
2da484bab5fea1c1e43ece853173d9c5748cedad,346,J_Collignon
2da484bab5fea1c1e43ece853173d9c5748cedad,347,P_Freres
2da484bab5fea1c1e43ece853173d9c5748cedad,348,M_Polus
2da484bab5fea1c1e43ece853173d9c5748cedad,349,B_Duysinx
2da484bab5fea1c1e43ece853173d9c5748cedad,350,F_Vaillant
2da484bab5fea1c1e43ece853173d9c5748cedad,351,C_Gennigens
2da484bab5fea1c1e43ece853173d9c5748cedad,352,N_Marchal
2da484bab5fea1c1e43ece853173d9c5748cedad,353,A_Poncin
2da484bab5fea1c1e43ece853173d9c5748cedad,354,G_Jerusalem
6fadd8802260282d5dfb6c0b7f744f83dac772a3,355,Perla_R_Colunga_Pedraza
6fadd8802260282d5dfb6c0b7f744f83dac772a3,356,Julia_Esther_Colunga_Pedraza
6fadd8802260282d5dfb6c0b7f744f83dac772a3,183,Andres_Gomez-De_Leon
6fadd8802260282d5dfb6c0b7f744f83dac772a3,357,Mónica_Bustillos_Muñoz
6fadd8802260282d5dfb6c0b7f744f83dac772a3,358,Karen_Lorena_Osorno-Rodriguez
6fadd8802260282d5dfb6c0b7f744f83dac772a3,359,Jose_Angel_Hawing
6fadd8802260282d5dfb6c0b7f744f83dac772a3,360,Oscar_Gonzalez_Llano
6fadd8802260282d5dfb6c0b7f744f83dac772a3,361,Yajaira_Valentine_Jimenez-Antolinez
6fadd8802260282d5dfb6c0b7f744f83dac772a3,362,Olga_Graciela_Cantu_Rodriguez
6fadd8802260282d5dfb6c0b7f744f83dac772a3,363,Cesar_Homero_Gutierrez-Aguirre
6fadd8802260282d5dfb6c0b7f744f83dac772a3,54,David_Gomez-Almaguer
6fadd8802260282d5dfb6c0b7f744f83dac772a3,364,Jose_E_Gonzalez_Uanl
1261593b52e9c71ba7f96a27792a8712c0c098c8,365,Dean_Ho
aabaec292cf9af7b1a37232611e4c765a3ac1411,366,Vascular_Wall
aabaec292cf9af7b1a37232611e4c765a3ac1411,367,Biology
aabaec292cf9af7b1a37232611e4c765a3ac1411,368,Endothelial_Progenitor
aabaec292cf9af7b1a37232611e4c765a3ac1411,369,Cells
aabaec292cf9af7b1a37232611e4c765a3ac1411,370,Adhesion
aabaec292cf9af7b1a37232611e4c765a3ac1411,279,Activation
aabaec292cf9af7b1a37232611e4c765a3ac1411,371,Biochemistry_|_November
c780ded1e3a070e235d034f2fddfc298ed0f0604,372,Alberto_Mussetti
c780ded1e3a070e235d034f2fddfc298ed0f0604,373,Clara_Maluquer
c780ded1e3a070e235d034f2fddfc298ed0f0604,374,Cristian_Tebe_Cordomi
c780ded1e3a070e235d034f2fddfc298ed0f0604,375,Maria_Condom
c780ded1e3a070e235d034f2fddfc298ed0f0604,376,Kevin_Molina-Mata
c780ded1e3a070e235d034f2fddfc298ed0f0604,377,Juan_Antonio
c780ded1e3a070e235d034f2fddfc298ed0f0604,378,Marin_Jimenez
c780ded1e3a070e235d034f2fddfc298ed0f0604,379,Jose_Carlos
c780ded1e3a070e235d034f2fddfc298ed0f0604,380,Tapia_Tapia
c780ded1e3a070e235d034f2fddfc298ed0f0604,381,Javier_Gavira_Diaz
c780ded1e3a070e235d034f2fddfc298ed0f0604,382,Margarita_Majem_Tarruella
c780ded1e3a070e235d034f2fddfc298ed0f0604,383,Felip_Falgas
c780ded1e3a070e235d034f2fddfc298ed0f0604,384,Laia_Llobera_Rius
c780ded1e3a070e235d034f2fddfc298ed0f0604,385,Roser_Fort_Culillas
c780ded1e3a070e235d034f2fddfc298ed0f0604,386,Lucia_Llavata_Martí
c780ded1e3a070e235d034f2fddfc298ed0f0604,387,Miriam_Moreno
c780ded1e3a070e235d034f2fddfc298ed0f0604,388,Susana_Vives
c780ded1e3a070e235d034f2fddfc298ed0f0604,389,Rosa_Coll
c780ded1e3a070e235d034f2fddfc298ed0f0604,390,Silvia_Martin_Batista
c780ded1e3a070e235d034f2fddfc298ed0f0604,391,Carme_Talarn
c780ded1e3a070e235d034f2fddfc298ed0f0604,392,Miguel_Sagüés
c780ded1e3a070e235d034f2fddfc298ed0f0604,393,Ali_Bazarbachi
c780ded1e3a070e235d034f2fddfc298ed0f0604,394,Ramon_Salazar
c780ded1e3a070e235d034f2fddfc298ed0f0604,395,Anna_Sureda_Balari
9c7caced0623087d835ca92046c2a11ecef182e5,396,Ho_Pui
9c7caced0623087d835ca92046c2a11ecef182e5,397,Jeff_Lam
9c7caced0623087d835ca92046c2a11ecef182e5,398,Jayanthi_Alamelu
9c7caced0623087d835ca92046c2a11ecef182e5,399,James_Brighouse
9c7caced0623087d835ca92046c2a11ecef182e5,400,Mbbs_Frpch
9c7caced0623087d835ca92046c2a11ecef182e5,401,Owen_Miller
9c7caced0623087d835ca92046c2a11ecef182e5,402,Jonathan_Lillie
9c7caced0623087d835ca92046c2a11ecef182e5,403,Baba_Pd_Inusa
dd1fae0608a68a8b655e1e1ee2e73653f8048408,404,Young_Jee
dd1fae0608a68a8b655e1e1ee2e73653f8048408,405,Melissa_N_Chung
dd1fae0608a68a8b655e1e1ee2e73653f8048408,406,Young_Jik_Thone
dd1fae0608a68a8b655e1e1ee2e73653f8048408,407,Kwon
dd1fae0608a68a8b655e1e1ee2e73653f8048408,408,Jee_Young_Chung
dd1fae0608a68a8b655e1e1ee2e73653f8048408,409,Melissa_N_Thone
dd1fae0608a68a8b655e1e1ee2e73653f8048408,410,Young_Jik_Kwon
5d12b196bc052dd914e0f07872005c1fab66080a,411,David_A_Swan
5d12b196bc052dd914e0f07872005c1fab66080a,412,Ashish_Goyal
5d12b196bc052dd914e0f07872005c1fab66080a,413,Chloe_Bracis
5d12b196bc052dd914e0f07872005c1fab66080a,414,†
5d12b196bc052dd914e0f07872005c1fab66080a,415,Mia_Moore
5d12b196bc052dd914e0f07872005c1fab66080a,416,Elizabeth_Krantz
5d12b196bc052dd914e0f07872005c1fab66080a,417,Elizabeth_Brown
5d12b196bc052dd914e0f07872005c1fab66080a,418,Fabian_Cardozo-Ojeda
5d12b196bc052dd914e0f07872005c1fab66080a,419,Daniel_B_Reeves
5d12b196bc052dd914e0f07872005c1fab66080a,420,Fei_Gao
5d12b196bc052dd914e0f07872005c1fab66080a,421,Peter_B_Gilbert
5d12b196bc052dd914e0f07872005c1fab66080a,422,Lawrence_15_Corey
5d12b196bc052dd914e0f07872005c1fab66080a,423,Myron_S_Cohen
5d12b196bc052dd914e0f07872005c1fab66080a,424,Holly_Janes
5d12b196bc052dd914e0f07872005c1fab66080a,425,†_†
5d12b196bc052dd914e0f07872005c1fab66080a,426,Dobromir_Dimitrov
5d12b196bc052dd914e0f07872005c1fab66080a,427,Joshua_T_Schiffer
b2e4a9c05a2c90dcdbd30693479891b66a026cce,428,Sanjay_Kumar_Mishra
b2e4a9c05a2c90dcdbd30693479891b66a026cce,429,Timir_Tripathi
1570a38ec16d4cdc5657301b3d33d474d018f0af,430,A_G_Conover
1570a38ec16d4cdc5657301b3d33d474d018f0af,431,Sena_Ba
1570a38ec16d4cdc5657301b3d33d474d018f0af,432,M_J_Schuemie
1570a38ec16d4cdc5657301b3d33d474d018f0af,433,Ryan_Phd
189827d5e6db4309184092ed52072f65841f4d54,434,Michael_R_Savona
189827d5e6db4309184092ed52072f65841f4d54,435,James_K_Mccloskey
189827d5e6db4309184092ed52072f65841f4d54,436,Elizabeth_A_Griffiths
189827d5e6db4309184092ed52072f65841f4d54,437,Karen_W_L_Yee
189827d5e6db4309184092ed52072f65841f4d54,438,Aref_Al-Kali
189827d5e6db4309184092ed52072f65841f4d54,439,Amer_M_Zeidan
189827d5e6db4309184092ed52072f65841f4d54,440,H_Joachim_Deeg
189827d5e6db4309184092ed52072f65841f4d54,441,Prapti_A_Patel
189827d5e6db4309184092ed52072f65841f4d54,442,Mitchell_Sabloff
189827d5e6db4309184092ed52072f65841f4d54,443,Mary-Margaret_Keating
189827d5e6db4309184092ed52072f65841f4d54,444,Kim-Hien_Dao
189827d5e6db4309184092ed52072f65841f4d54,445,Nancy_Zhu
189827d5e6db4309184092ed52072f65841f4d54,446,Nashat_Gabrail
189827d5e6db4309184092ed52072f65841f4d54,447,Salman_Fazal
189827d5e6db4309184092ed52072f65841f4d54,448,Joseph_Maly
189827d5e6db4309184092ed52072f65841f4d54,449,Olatoyosi_Odenike
189827d5e6db4309184092ed52072f65841f4d54,450,Hagop_M_Kantarjian
189827d5e6db4309184092ed52072f65841f4d54,451,Amy_E_Dezern
189827d5e6db4309184092ed52072f65841f4d54,452,Casey_L_O&apos;connell
189827d5e6db4309184092ed52072f65841f4d54,453,Gail_J_Roboz
189827d5e6db4309184092ed52072f65841f4d54,454,Lambert_Busque
189827d5e6db4309184092ed52072f65841f4d54,455,Richard_A_Wells
189827d5e6db4309184092ed52072f65841f4d54,456,Harshad_Amin
189827d5e6db4309184092ed52072f65841f4d54,457,Jasleen_K_Randhawa
189827d5e6db4309184092ed52072f65841f4d54,458,Brian_Leber
189827d5e6db4309184092ed52072f65841f4d54,459,Yong_Hao
189827d5e6db4309184092ed52072f65841f4d54,460,Harold_N_Keer
189827d5e6db4309184092ed52072f65841f4d54,461,Mohammad_Azab
189827d5e6db4309184092ed52072f65841f4d54,462,Guillermo_Garcia-Manero
189827d5e6db4309184092ed52072f65841f4d54,463,West_Penn_Hospital
189827d5e6db4309184092ed52072f65841f4d54,464,Allegheny_Health_Network
3c20586cf2938bdc81d9ce07b76d83a91c734785,465,William_A_Wood
3c20586cf2938bdc81d9ce07b76d83a91c734785,466,Donna_S_Neuberg
3c20586cf2938bdc81d9ce07b76d83a91c734785,467,John_Colton_Thompson
3c20586cf2938bdc81d9ce07b76d83a91c734785,468,Martin_S_Tallman
3c20586cf2938bdc81d9ce07b76d83a91c734785,469,Mikkael_A_Sekeres
3c20586cf2938bdc81d9ce07b76d83a91c734785,470,Laurie_H_Sehn
3c20586cf2938bdc81d9ce07b76d83a91c734785,471,Kenneth_Anderson
3c20586cf2938bdc81d9ce07b76d83a91c734785,472,Aaron_D_Goldberg
3c20586cf2938bdc81d9ce07b76d83a91c734785,473,Nathan_A_Pennell
3c20586cf2938bdc81d9ce07b76d83a91c734785,474,Charlotte_M_Niemeyer
3c20586cf2938bdc81d9ce07b76d83a91c734785,475,Kathleen_Hewitt
3c20586cf2938bdc81d9ce07b76d83a91c734785,476,Robert_M_Plovnick
3c20586cf2938bdc81d9ce07b76d83a91c734785,224,Lisa_K_Hicks
bc8ae26c52f4db8991700f6bba87f9b860e49a81,477,Manfred_Hauben
bc8ae26c52f4db8991700f6bba87f9b860e49a81,478,Eric_Hung
bc8ae26c52f4db8991700f6bba87f9b860e49a81,479,D
bc8ae26c52f4db8991700f6bba87f9b860e49a81,480,Eric_Hung_Pharm
166de8d60eb3223f0b085c9d456cab480837ae98,481,Josep-Maria_Ribera
166de8d60eb3223f0b085c9d456cab480837ae98,482,Mireia_Morgades
166de8d60eb3223f0b085c9d456cab480837ae98,483,M_Prob
166de8d60eb3223f0b085c9d456cab480837ae98,389,Rosa_Coll
166de8d60eb3223f0b085c9d456cab480837ae98,484,Jose_Luis
166de8d60eb3223f0b085c9d456cab480837ae98,485,Lopez_Lorenzo
166de8d60eb3223f0b085c9d456cab480837ae98,486,Pau_Montesinos
166de8d60eb3223f0b085c9d456cab480837ae98,487,Rosario_Varela
166de8d60eb3223f0b085c9d456cab480837ae98,488,Mónica_Cabrero
166de8d60eb3223f0b085c9d456cab480837ae98,489,Ignacio_Gómez-Centurión
166de8d60eb3223f0b085c9d456cab480837ae98,490,M_Dolores_Morales
166de8d60eb3223f0b085c9d456cab480837ae98,491,Antoni_Garcia-Guiñon
166de8d60eb3223f0b085c9d456cab480837ae98,492,Guiomar_Bautista
166de8d60eb3223f0b085c9d456cab480837ae98,493,Pilar_Herrera_Puente
166de8d60eb3223f0b085c9d456cab480837ae98,494,Laura_Llorente
166de8d60eb3223f0b085c9d456cab480837ae98,495,Irene_García-Cadenas
166de8d60eb3223f0b085c9d456cab480837ae98,496,Pere_Barba
166de8d60eb3223f0b085c9d456cab480837ae98,497,Maria_Calbacho
166de8d60eb3223f0b085c9d456cab480837ae98,498,Cristina_Gil
166de8d60eb3223f0b085c9d456cab480837ae98,499,Maria_Angeles_Foncillas
166de8d60eb3223f0b085c9d456cab480837ae98,500,María_Teresa_Artola
166de8d60eb3223f0b085c9d456cab480837ae98,501,Rafael_De
166de8d60eb3223f0b085c9d456cab480837ae98,502,La_Camara
166de8d60eb3223f0b085c9d456cab480837ae98,503,Piñana_Sanchez
6d4372737a9806a2a7f8e72ca879377220eb72b5,504,Jana_Ihlow
6d4372737a9806a2a7f8e72ca879377220eb72b5,505,Ann-Christin_Von-Bruenneck
6d4372737a9806a2a7f8e72ca879377220eb72b5,506,Edward_Georg_Michaelis
6d4372737a9806a2a7f8e72ca879377220eb72b5,507,Selina_Greuel
6d4372737a9806a2a7f8e72ca879377220eb72b5,508,Verena_Heynol
6d4372737a9806a2a7f8e72ca879377220eb72b5,509,Annika_Lehmann
6d4372737a9806a2a7f8e72ca879377220eb72b5,510,Helena_Radbruch
6d4372737a9806a2a7f8e72ca879377220eb72b5,511,Jenny_Meinhardt
6d4372737a9806a2a7f8e72ca879377220eb72b5,512,Victor_Max_Corman
6d4372737a9806a2a7f8e72ca879377220eb72b5,513,Florian_Miller
6d4372737a9806a2a7f8e72ca879377220eb72b5,514,Hermann_Herbst
6d4372737a9806a2a7f8e72ca879377220eb72b5,515,Jörg_Westermann
6d4372737a9806a2a7f8e72ca879377220eb72b5,516,Lars_Bullinger
6d4372737a9806a2a7f8e72ca879377220eb72b5,517,David_Horst
6d4372737a9806a2a7f8e72ca879377220eb72b5,518,Sefer_Elezkurtaj
74a5154223963df7af77b1869cc080d1a61f18c9,519,John_P_Buonaccorsi
96d9e3fc1f326772179047deb26564ccfa24cbae,520,Lindsey_E_Roeker
96d9e3fc1f326772179047deb26564ccfa24cbae,218,Lydia_Scarfo
96d9e3fc1f326772179047deb26564ccfa24cbae,219,Thomas_Chatzikonstantinou
96d9e3fc1f326772179047deb26564ccfa24cbae,521,Pau_Abrisqueta
96d9e3fc1f326772179047deb26564ccfa24cbae,522,Toby_A_Eyre
96d9e3fc1f326772179047deb26564ccfa24cbae,523,Raul_Cordoba
96d9e3fc1f326772179047deb26564ccfa24cbae,524,Ana_Muntañola_Prat
96d9e3fc1f326772179047deb26564ccfa24cbae,525,Guillermo_Villacampa
96d9e3fc1f326772179047deb26564ccfa24cbae,102,Lori_A_Leslie
96d9e3fc1f326772179047deb26564ccfa24cbae,526,Michael_Koropsak
96d9e3fc1f326772179047deb26564ccfa24cbae,527,Giulia_Quaresmini
96d9e3fc1f326772179047deb26564ccfa24cbae,528,John_N_Allan
96d9e3fc1f326772179047deb26564ccfa24cbae,529,Richard_R_Furman
96d9e3fc1f326772179047deb26564ccfa24cbae,530,Erica_B_Bhavsar
96d9e3fc1f326772179047deb26564ccfa24cbae,531,John_M_Pagel
96d9e3fc1f326772179047deb26564ccfa24cbae,144,Jose_Angel_Hernandez-Rivas
96d9e3fc1f326772179047deb26564ccfa24cbae,532,Krish_Patel
96d9e3fc1f326772179047deb26564ccfa24cbae,533,Marina_Motta
96d9e3fc1f326772179047deb26564ccfa24cbae,534,Neil_Bailey
96d9e3fc1f326772179047deb26564ccfa24cbae,535,Fatima_Miras
96d9e3fc1f326772179047deb26564ccfa24cbae,536,Nicole_Lamanna
96d9e3fc1f326772179047deb26564ccfa24cbae,537,Rosalia_Alonso
96d9e3fc1f326772179047deb26564ccfa24cbae,538,Santiago_Osorio-Prendes
96d9e3fc1f326772179047deb26564ccfa24cbae,539,Candida_Vitale
96d9e3fc1f326772179047deb26564ccfa24cbae,540,Manali_Kamdar
96d9e3fc1f326772179047deb26564ccfa24cbae,541,Patricia_Baltasar
96d9e3fc1f326772179047deb26564ccfa24cbae,542,Anders_Österborg
96d9e3fc1f326772179047deb26564ccfa24cbae,543,Lotta_Hanson
96d9e3fc1f326772179047deb26564ccfa24cbae,544,Mónica_Baile
96d9e3fc1f326772179047deb26564ccfa24cbae,545,Ines_Rodríguez-Hernández
96d9e3fc1f326772179047deb26564ccfa24cbae,546,Susana_Valenciano
96d9e3fc1f326772179047deb26564ccfa24cbae,547,Maria_Popov
96d9e3fc1f326772179047deb26564ccfa24cbae,548,Abelardo_Barez_Garcia
96d9e3fc1f326772179047deb26564ccfa24cbae,549,Ana_Alfayate
96d9e3fc1f326772179047deb26564ccfa24cbae,550,Ana_C_Oliveira
96d9e3fc1f326772179047deb26564ccfa24cbae,551,Barbara_Eichhorst
96d9e3fc1f326772179047deb26564ccfa24cbae,552,Francesca_M_Quaglia
96d9e3fc1f326772179047deb26564ccfa24cbae,553,Gianluigi_Reda
96d9e3fc1f326772179047deb26564ccfa24cbae,554,Javier_Lopez_Jimenez
96d9e3fc1f326772179047deb26564ccfa24cbae,555,Marzia_Varettoni
96d9e3fc1f326772179047deb26564ccfa24cbae,556,Monia_Marchetti
96d9e3fc1f326772179047deb26564ccfa24cbae,557,Pilar_Romero
96d9e3fc1f326772179047deb26564ccfa24cbae,558,Rosalía_Riaza_Grau
96d9e3fc1f326772179047deb26564ccfa24cbae,559,Talha_Munir
96d9e3fc1f326772179047deb26564ccfa24cbae,560,Amaya_Zabalza
96d9e3fc1f326772179047deb26564ccfa24cbae,561,Ann_Janssens
96d9e3fc1f326772179047deb26564ccfa24cbae,562,Carsten_U_Niemann
96d9e3fc1f326772179047deb26564ccfa24cbae,563,Guilherme_Fleury_Perini
96d9e3fc1f326772179047deb26564ccfa24cbae,564,Julio_Delgado
96d9e3fc1f326772179047deb26564ccfa24cbae,565,Lucrecia_Yanez
96d9e3fc1f326772179047deb26564ccfa24cbae,566,San_Segundo
96d9e3fc1f326772179047deb26564ccfa24cbae,567,Ma_Isabel
96d9e3fc1f326772179047deb26564ccfa24cbae,568,Gómez_Roncero
96d9e3fc1f326772179047deb26564ccfa24cbae,569,Matthew_Wilson
96d9e3fc1f326772179047deb26564ccfa24cbae,570,Piers_Patten
96d9e3fc1f326772179047deb26564ccfa24cbae,571,Roberto_Marasca
96d9e3fc1f326772179047deb26564ccfa24cbae,572,Sunil_Iyengar
96d9e3fc1f326772179047deb26564ccfa24cbae,573,Amanda_Seddon
96d9e3fc1f326772179047deb26564ccfa24cbae,574,Ana_Torres
96d9e3fc1f326772179047deb26564ccfa24cbae,575,Angela_Ferrari
96d9e3fc1f326772179047deb26564ccfa24cbae,576,Carolina_Cuéllar-García
96d9e3fc1f326772179047deb26564ccfa24cbae,577,Daniel_Wojenski
96d9e3fc1f326772179047deb26564ccfa24cbae,578,Dima_El-Sharkawi
96d9e3fc1f326772179047deb26564ccfa24cbae,579,Gilad_Itchaki
96d9e3fc1f326772179047deb26564ccfa24cbae,580,Helen_Parry
96d9e3fc1f326772179047deb26564ccfa24cbae,581,Juan_José_Mateos-Mazón
96d9e3fc1f326772179047deb26564ccfa24cbae,582,Nicolas_Martinez-Calle
96d9e3fc1f326772179047deb26564ccfa24cbae,310,Shuo_Ma
96d9e3fc1f326772179047deb26564ccfa24cbae,583,Daniel_Naya
96d9e3fc1f326772179047deb26564ccfa24cbae,584,Ellen_Van
96d9e3fc1f326772179047deb26564ccfa24cbae,585,Der_Spek
96d9e3fc1f326772179047deb26564ccfa24cbae,586,Erlene_K_Seymour
96d9e3fc1f326772179047deb26564ccfa24cbae,587,Eva_Gimeno_Vázquez
96d9e3fc1f326772179047deb26564ccfa24cbae,588,Gian_Matteo_Rigolin
96d9e3fc1f326772179047deb26564ccfa24cbae,589,Francesca_Romana_Mauro
96d9e3fc1f326772179047deb26564ccfa24cbae,590,Harriet_S_Walter
96d9e3fc1f326772179047deb26564ccfa24cbae,591,Jorge_Labrador
96d9e3fc1f326772179047deb26564ccfa24cbae,592,Lorenzo_De_Paoli
96d9e3fc1f326772179047deb26564ccfa24cbae,593,Luca_Laurenti
96d9e3fc1f326772179047deb26564ccfa24cbae,594,Elena_Ruiz
96d9e3fc1f326772179047deb26564ccfa24cbae,595,Mark-David_Levin
96d9e3fc1f326772179047deb26564ccfa24cbae,596,Martin_Šimkovi#
96d9e3fc1f326772179047deb26564ccfa24cbae,597,Martin_Špa#ek
96d9e3fc1f326772179047deb26564ccfa24cbae,598,Rafa_Andreu
96d9e3fc1f326772179047deb26564ccfa24cbae,599,Renata_Walewska
96d9e3fc1f326772179047deb26564ccfa24cbae,600,Sonia_Perez-Gonzalez
96d9e3fc1f326772179047deb26564ccfa24cbae,601,Suchitra_Sundaram
96d9e3fc1f326772179047deb26564ccfa24cbae,602,Adrian_Wiestner
96d9e3fc1f326772179047deb26564ccfa24cbae,603,Amalia_Cuesta
96d9e3fc1f326772179047deb26564ccfa24cbae,604,Angus_Broom
96d9e3fc1f326772179047deb26564ccfa24cbae,605,Arnon_P_Kater
96d9e3fc1f326772179047deb26564ccfa24cbae,606,Begoña_Muiña
96d9e3fc1f326772179047deb26564ccfa24cbae,607,César_A_Velasquez
96d9e3fc1f326772179047deb26564ccfa24cbae,608,Chaitra_S_Ujjani
96d9e3fc1f326772179047deb26564ccfa24cbae,609,Cristina_Seri
96d9e3fc1f326772179047deb26564ccfa24cbae,610,Darko_Antic
96d9e3fc1f326772179047deb26564ccfa24cbae,611,Dominique_Bron
96d9e3fc1f326772179047deb26564ccfa24cbae,612,Elisabeth_Vandenberghe
96d9e3fc1f326772179047deb26564ccfa24cbae,613,Elise_A_Chong
96d9e3fc1f326772179047deb26564ccfa24cbae,614,Enrico_Lista
96d9e3fc1f326772179047deb26564ccfa24cbae,615,Fiz_Campoy_García
96d9e3fc1f326772179047deb26564ccfa24cbae,616,Giovanni_Del_Poeta
96d9e3fc1f326772179047deb26564ccfa24cbae,617,Inhye_Ahn
96d9e3fc1f326772179047deb26564ccfa24cbae,618,Jeffrey_J_Pu
96d9e3fc1f326772179047deb26564ccfa24cbae,619,Jennifer_R_Brown
96d9e3fc1f326772179047deb26564ccfa24cbae,620,Juan_Alfonso
96d9e3fc1f326772179047deb26564ccfa24cbae,621,Soler_Campos
96d9e3fc1f326772179047deb26564ccfa24cbae,622,Lara_Malerba
96d9e3fc1f326772179047deb26564ccfa24cbae,623,Livio_Trentin
96d9e3fc1f326772179047deb26564ccfa24cbae,624,Lorella_Orsucci
96d9e3fc1f326772179047deb26564ccfa24cbae,625,Lucia_Farina
96d9e3fc1f326772179047deb26564ccfa24cbae,626,Lucia_Villalon
96d9e3fc1f326772179047deb26564ccfa24cbae,627,Maria_Jesus_Vidal
96d9e3fc1f326772179047deb26564ccfa24cbae,628,Maria_Jose_Sanchez
96d9e3fc1f326772179047deb26564ccfa24cbae,629,Maria_Jose_Terol
96d9e3fc1f326772179047deb26564ccfa24cbae,630,Maria_Rosaria_De_Paolis
96d9e3fc1f326772179047deb26564ccfa24cbae,631,Massimo_Gentile
96d9e3fc1f326772179047deb26564ccfa24cbae,632,Matthew_S_Davids
96d9e3fc1f326772179047deb26564ccfa24cbae,633,Mazyar_Shadman
96d9e3fc1f326772179047deb26564ccfa24cbae,634,Mohamed_A_Yassin
96d9e3fc1f326772179047deb26564ccfa24cbae,635,Myriam_Foglietta
96d9e3fc1f326772179047deb26564ccfa24cbae,636,Ozren_Jaksic
96d9e3fc1f326772179047deb26564ccfa24cbae,637,Paolo_Sportoletti
96d9e3fc1f326772179047deb26564ccfa24cbae,638,Paul_M_Barr
96d9e3fc1f326772179047deb26564ccfa24cbae,639,Rafael_Ramos
96d9e3fc1f326772179047deb26564ccfa24cbae,640,Raquel_Santiago
96d9e3fc1f326772179047deb26564ccfa24cbae,641,Rosa_Ruchlemer
96d9e3fc1f326772179047deb26564ccfa24cbae,642,Sabina_Kersting
96d9e3fc1f326772179047deb26564ccfa24cbae,643,Scott_F_Huntington
96d9e3fc1f326772179047deb26564ccfa24cbae,644,Tobias_Herold
96d9e3fc1f326772179047deb26564ccfa24cbae,645,Yair_Herishanu
96d9e3fc1f326772179047deb26564ccfa24cbae,646,Meghan_C_Thompson
96d9e3fc1f326772179047deb26564ccfa24cbae,647,Sonia_Lebowitz
96d9e3fc1f326772179047deb26564ccfa24cbae,648,Christine_Ryan
96d9e3fc1f326772179047deb26564ccfa24cbae,649,Ryan_W_Jacobs
96d9e3fc1f326772179047deb26564ccfa24cbae,650,Craig_A_Portell
96d9e3fc1f326772179047deb26564ccfa24cbae,651,Krista_Isaac
96d9e3fc1f326772179047deb26564ccfa24cbae,652,Alessandro_Rambaldi
96d9e3fc1f326772179047deb26564ccfa24cbae,653,Chadi_Nabhan
96d9e3fc1f326772179047deb26564ccfa24cbae,654,Danielle_M_Brander
96d9e3fc1f326772179047deb26564ccfa24cbae,655,Emili_Montserrat
96d9e3fc1f326772179047deb26564ccfa24cbae,656,Giuseppe_Rossi
96d9e3fc1f326772179047deb26564ccfa24cbae,657,Jose_A_Garcia-Marco
96d9e3fc1f326772179047deb26564ccfa24cbae,658,Sr
96d9e3fc1f326772179047deb26564ccfa24cbae,659,Marta_Coscia
96d9e3fc1f326772179047deb26564ccfa24cbae,660,Nikita_Malakhov
96d9e3fc1f326772179047deb26564ccfa24cbae,661,Noemi_Fernandez-Escalada
96d9e3fc1f326772179047deb26564ccfa24cbae,662,Sigrid_Strand_Skånland
96d9e3fc1f326772179047deb26564ccfa24cbae,663,Callie_C_Coombs
96d9e3fc1f326772179047deb26564ccfa24cbae,664,Paola_Ghione
96d9e3fc1f326772179047deb26564ccfa24cbae,665,Stephen_J_Schuster
96d9e3fc1f326772179047deb26564ccfa24cbae,666,Robin_Foà
96d9e3fc1f326772179047deb26564ccfa24cbae,667,Antonio_Cuneo
96d9e3fc1f326772179047deb26564ccfa24cbae,668,Francesc_Bosch
96d9e3fc1f326772179047deb26564ccfa24cbae,669,Kostas_Stamatopoulos
96d9e3fc1f326772179047deb26564ccfa24cbae,670,Paolo_Ghia
96d9e3fc1f326772179047deb26564ccfa24cbae,671,Anthony_R_Mato
96d9e3fc1f326772179047deb26564ccfa24cbae,672,Meera_Patel
96d9e3fc1f326772179047deb26564ccfa24cbae,673,Gregorio_Marañón
96d9e3fc1f326772179047deb26564ccfa24cbae,674,Alcorcon_Fundacion
96d9e3fc1f326772179047deb26564ccfa24cbae,675,Hospital
127423411cfad5cae3c252c9a6a9f8cf99e02896,676,Alexandre_Barbosa_Reis
127423411cfad5cae3c252c9a6a9f8cf99e02896,677,Paula_Mello
127423411cfad5cae3c252c9a6a9f8cf99e02896,678,Chris_R_Triggle
127423411cfad5cae3c252c9a6a9f8cf99e02896,679,Omna_Sharma
127423411cfad5cae3c252c9a6a9f8cf99e02896,680,Ali_A_Sultan
127423411cfad5cae3c252c9a6a9f8cf99e02896,681,Hong_Ding
542fdce4d381437d4599c8d92c4384f162c35824,682,Richard_A_Anderson
542fdce4d381437d4599c8d92c4384f162c35824,683,Fré_Dé_Ric_Amant
542fdce4d381437d4599c8d92c4384f162c35824,684,Didi_Braat
542fdce4d381437d4599c8d92c4384f162c35824,685,Arianna_D_&apos;_Angelo
542fdce4d381437d4599c8d92c4384f162c35824,686,Susana_M_Chuva
542fdce4d381437d4599c8d92c4384f162c35824,687,Sousa_Lopes
542fdce4d381437d4599c8d92c4384f162c35824,688,Isabelle_Demeestere
542fdce4d381437d4599c8d92c4384f162c35824,689,Sandra_Dwek
542fdce4d381437d4599c8d92c4384f162c35824,690,Lucy_Frith
542fdce4d381437d4599c8d92c4384f162c35824,691,Matteo_Lambertini
542fdce4d381437d4599c8d92c4384f162c35824,692,Caroline_Maslin
542fdce4d381437d4599c8d92c4384f162c35824,693,Mariana_Moura-Ramos
542fdce4d381437d4599c8d92c4384f162c35824,694,Daniela_Nogueira
542fdce4d381437d4599c8d92c4384f162c35824,695,Kenny_Rodriguez-Wallberg
542fdce4d381437d4599c8d92c4384f162c35824,696,Nathalie_Vermeulen
ee479e36025717b7a9736f370d178171d3cb4c5d,697,Ashley_A_Souzaid
ee479e36025717b7a9736f370d178171d3cb4c5d,698,Cassandra_Hollowayid
ee479e36025717b7a9736f370d178171d3cb4c5d,699,Tijana_Williams
24b281567a0d7f0a4229db0a70c9004bee2c6507,700,Pável_E_Olivera
24b281567a0d7f0a4229db0a70c9004bee2c6507,701,Desiree_Campoy
24b281567a0d7f0a4229db0a70c9004bee2c6507,607,César_A_Velasquez
24b281567a0d7f0a4229db0a70c9004bee2c6507,702,Katia_Flores
24b281567a0d7f0a4229db0a70c9004bee2c6507,703,Tania_Canals
24b281567a0d7f0a4229db0a70c9004bee2c6507,704,Erik_A_Johansson
24b281567a0d7f0a4229db0a70c9004bee2c6507,705,Laia_Martinez
24b281567a0d7f0a4229db0a70c9004bee2c6507,706,Jorge_Sierra
24b281567a0d7f0a4229db0a70c9004bee2c6507,707,Juan_Jose_Cerezo
24b281567a0d7f0a4229db0a70c9004bee2c6507,708,Ramón_Salinas
2121e7d3f6e59e3f67ef42e855871cee2cc6b816,709,Pedro_Caravaca_Pérez
2121e7d3f6e59e3f67ef42e855871cee2cc6b816,710,Laura_Morán_Fernández
2121e7d3f6e59e3f67ef42e855871cee2cc6b816,711,Dolores_García-Cosio
2121e7d3f6e59e3f67ef42e855871cee2cc6b816,712,Juan_F_Delgado
2121e7d3f6e59e3f67ef42e855871cee2cc6b816,713,Autor_Para
b3e407e4cb6f660556f8bec96bb68625a26225c4,714,Minoo_Battiwalla
b3e407e4cb6f660556f8bec96bb68625a26225c4,715,Carlos_Bachier
b3e407e4cb6f660556f8bec96bb68625a26225c4,716,Vikas_Bhushan
b3e407e4cb6f660556f8bec96bb68625a26225c4,717,Michael_J_Eckrich
b3e407e4cb6f660556f8bec96bb68625a26225c4,718,Alireza_Eghtedar
b3e407e4cb6f660556f8bec96bb68625a26225c4,719,Haydar_Frangoul
b3e407e4cb6f660556f8bec96bb68625a26225c4,720,Suman_Kambhampati
b3e407e4cb6f660556f8bec96bb68625a26225c4,721,Shahbaz_Malik
b3e407e4cb6f660556f8bec96bb68625a26225c4,722,Peter_A_Mcsweeney
b3e407e4cb6f660556f8bec96bb68625a26225c4,723,Jeremy_Pantin
b3e407e4cb6f660556f8bec96bb68625a26225c4,724,Aravind_Ramakrishnan
b3e407e4cb6f660556f8bec96bb68625a26225c4,725,Hana_Safah
b3e407e4cb6f660556f8bec96bb68625a26225c4,726,Paul_J_Shaughnessy
b3e407e4cb6f660556f8bec96bb68625a26225c4,727,Betsy_Blunk
b3e407e4cb6f660556f8bec96bb68625a26225c4,728,Tonya_Cox
b3e407e4cb6f660556f8bec96bb68625a26225c4,729,Rocky_Billups
b3e407e4cb6f660556f8bec96bb68625a26225c4,730,Charles_F_Lemaistre
bd7c8a196301c642ae2e4970a60af3885b352e54,731,Young_Hun_Chung
bd7c8a196301c642ae2e4970a60af3885b352e54,732,Veronique_Beiss
bd7c8a196301c642ae2e4970a60af3885b352e54,733,Steven_N_Fiering
bd7c8a196301c642ae2e4970a60af3885b352e54,734,Nicole_F_Steinmetz
ae3676439f902e4befbac4f0f912d8568eb4c30e,735,Alba_Cabirta
ae3676439f902e4befbac4f0f912d8568eb4c30e,736,Macarena_Izuzquiza
ae3676439f902e4befbac4f0f912d8568eb4c30e,737,Isabel_Ruiz-Camps
ae3676439f902e4befbac4f0f912d8568eb4c30e,738,David_Valcarcel
ae3676439f902e4befbac4f0f912d8568eb4c30e,739,Eva_Catala
ae3676439f902e4befbac4f0f912d8568eb4c30e,740,M_Moraima_Jimenez
ae3676439f902e4befbac4f0f912d8568eb4c30e,741,Ana_Perez
ae3676439f902e4befbac4f0f912d8568eb4c30e,742,Lucia_Martin
ae3676439f902e4befbac4f0f912d8568eb4c30e,743,Yva_Rodriguez
ae3676439f902e4befbac4f0f912d8568eb4c30e,744,Angel_Serna
ae3676439f902e4befbac4f0f912d8568eb4c30e,745,Fiorella_Ruiz-Pace
ae3676439f902e4befbac4f0f912d8568eb4c30e,746,Rodrigo_Dienstmann
ae3676439f902e4befbac4f0f912d8568eb4c30e,747,Sabela_Bobillo
ae3676439f902e4befbac4f0f912d8568eb4c30e,748,Cecilia_Carpio
ae3676439f902e4befbac4f0f912d8568eb4c30e,749,Olga_Salamero
ae3676439f902e4befbac4f0f912d8568eb4c30e,521,Pau_Abrisqueta
ae3676439f902e4befbac4f0f912d8568eb4c30e,668,Francesc_Bosch
2f4c40b282af0b961ee8579e5cdcab03b36ae016,750,Elena_Beyzarov
2f4c40b282af0b961ee8579e5cdcab03b36ae016,751,·_Yan_Chen
2f4c40b282af0b961ee8579e5cdcab03b36ae016,752,Rob_Julg
2f4c40b282af0b961ee8579e5cdcab03b36ae016,753,Karen_Naim
2f4c40b282af0b961ee8579e5cdcab03b36ae016,754,Jigna_Shah
2f4c40b282af0b961ee8579e5cdcab03b36ae016,755,William_W_Gregory
2f4c40b282af0b961ee8579e5cdcab03b36ae016,756,Ayman_Ayoub
2f4c40b282af0b961ee8579e5cdcab03b36ae016,757,·_Patrick_Caubel
2f4c40b282af0b961ee8579e5cdcab03b36ae016,758,Elena_Beyzarov@pfizer
2f4c40b282af0b961ee8579e5cdcab03b36ae016,759,Com
7125289bc0ec179ef6cf7855069991141595b50e,760,Omar_Nadeem
7125289bc0ec179ef6cf7855069991141595b50e,761,Clifton_C_Mo
7125289bc0ec179ef6cf7855069991141595b50e,762,Jacob_P_Laubach
7125289bc0ec179ef6cf7855069991141595b50e,763,Giada_Bianchi
7125289bc0ec179ef6cf7855069991141595b50e,764,Robert_Redd
7125289bc0ec179ef6cf7855069991141595b50e,765,Peter_Barth
7125289bc0ec179ef6cf7855069991141595b50e,766,Trevor_J_Bayliss
7125289bc0ec179ef6cf7855069991141595b50e,767,Vaishali_Sanchorawala
7125289bc0ec179ef6cf7855069991141595b50e,768,Leyla_Shune
7125289bc0ec179ef6cf7855069991141595b50e,769,Alexandra_Distaso
7125289bc0ec179ef6cf7855069991141595b50e,770,Virginia_Dalton
7125289bc0ec179ef6cf7855069991141595b50e,771,Adam_S_Sperling
7125289bc0ec179ef6cf7855069991141595b50e,772,Laura_Amweg
7125289bc0ec179ef6cf7855069991141595b50e,773,Mary_Mckenney
7125289bc0ec179ef6cf7855069991141595b50e,774,Kathleen_Colson
7125289bc0ec179ef6cf7855069991141595b50e,775,Ella_L_Millard
7125289bc0ec179ef6cf7855069991141595b50e,776,Isabella_Hou
7125289bc0ec179ef6cf7855069991141595b50e,777,Alexandra_Savell
7125289bc0ec179ef6cf7855069991141595b50e,778,Kelly_Masone
7125289bc0ec179ef6cf7855069991141595b50e,97,Ba
7125289bc0ec179ef6cf7855069991141595b50e,779,Nikhil_C_Munshi
7125289bc0ec179ef6cf7855069991141595b50e,780,Irene_M_Ghobrial
7125289bc0ec179ef6cf7855069991141595b50e,471,Kenneth_Anderson
7125289bc0ec179ef6cf7855069991141595b50e,781,Paul_G_Richardson
4188d5807dca094b74146d15743b352cf0722813,782,Paolo_Milani
4188d5807dca094b74146d15743b352cf0722813,767,Vaishali_Sanchorawala
4188d5807dca094b74146d15743b352cf0722813,783,Ramon_Lecumberri
4188d5807dca094b74146d15743b352cf0722813,784,Sunil_Saith
4188d5807dca094b74146d15743b352cf0722813,785,Mathew_S_Maurer
4188d5807dca094b74146d15743b352cf0722813,786,M_Teresa_Cibeira
4188d5807dca094b74146d15743b352cf0722813,787,Giampaolo_Merlini
4188d5807dca094b74146d15743b352cf0722813,788,Stefan_Schönland
4188d5807dca094b74146d15743b352cf0722813,789,Giovanni_Palladini
50bbceb6007cf8b61801a6e29885d552257744e9,790,Phebo_D_Wibbens
912cde12c18d2edb92ed07d08f9c4406a8c6f298,791,María_Trinidad_Baselga
912cde12c18d2edb92ed07d08f9c4406a8c6f298,792,María_Luisa_Fernández
912cde12c18d2edb92ed07d08f9c4406a8c6f298,793,Antonio_Marín
912cde12c18d2edb92ed07d08f9c4406a8c6f298,794,Carmen_Fernández-Capitán
912cde12c18d2edb92ed07d08f9c4406a8c6f298,795,Alicia_Lorenzo
912cde12c18d2edb92ed07d08f9c4406a8c6f298,796,Gonzalo_Martínez-Alés
912cde12c18d2edb92ed07d08f9c4406a8c6f298,797,Manuel_Quintana
08d3c041651ffa89b3fbd98af4d372da620fd20a,798,Carlos_G_Grijalva
08d3c041651ffa89b3fbd98af4d372da620fd20a,799,Yuwei_Zhu
08d3c041651ffa89b3fbd98af4d372da620fd20a,800,Natasha_B_Halasa
08d3c041651ffa89b3fbd98af4d372da620fd20a,801,Ahra_Kim
08d3c041651ffa89b3fbd98af4d372da620fd20a,802,Melissa_A_Rolfes
08d3c041651ffa89b3fbd98af4d372da620fd20a,803,Andrea_Steffens
08d3c041651ffa89b3fbd98af4d372da620fd20a,804,Carrie_Reed
08d3c041651ffa89b3fbd98af4d372da620fd20a,805,Helen_Talbot
08d3c041651ffa89b3fbd98af4d372da620fd20a,806,Rupak_Datta
08d3c041651ffa89b3fbd98af4d372da620fd20a,807,Melissa_Campbell
08d3c041651ffa89b3fbd98af4d372da620fd20a,808,Anne_Wyllie
08d3c041651ffa89b3fbd98af4d372da620fd20a,809,Arnau_Casanovas-Massana
08d3c041651ffa89b3fbd98af4d372da620fd20a,810,Ryan_Handoko
08d3c041651ffa89b3fbd98af4d372da620fd20a,811,;_Lorenzo_Sewanan
08d3c041651ffa89b3fbd98af4d372da620fd20a,812,Nida_Naushad
08d3c041651ffa89b3fbd98af4d372da620fd20a,813,;_Michael_Simonov
08d3c041651ffa89b3fbd98af4d372da620fd20a,814,Elizabeth_White
08d3c041651ffa89b3fbd98af4d372da620fd20a,815,;_Jordan_Valdez
08d3c041651ffa89b3fbd98af4d372da620fd20a,816,;_Feimei_Liu
08d3c041651ffa89b3fbd98af4d372da620fd20a,817,;_Saad_Omer
08d3c041651ffa89b3fbd98af4d372da620fd20a,818,;_Charles
08d3c041651ffa89b3fbd98af4d372da620fd20a,819,Dela_Cruz
08d3c041651ffa89b3fbd98af4d372da620fd20a,820,Shelli_F_Farhadian
08d3c041651ffa89b3fbd98af4d372da620fd20a,821,Aaron_Ring
08d3c041651ffa89b3fbd98af4d372da620fd20a,822,Akiko_Iwasaki
08d3c041651ffa89b3fbd98af4d372da620fd20a,823,Nathan_Grubaugh
08d3c041651ffa89b3fbd98af4d372da620fd20a,824,Richard_A_Martinello
08d3c041651ffa89b3fbd98af4d372da620fd20a,825,Albert_I_Ko
08d3c041651ffa89b3fbd98af4d372da620fd20a,826,Yale
cf7c068d1c2537f5407d08ad55b5a1f51a506c3b,827,R_L_S
cf7c068d1c2537f5407d08ad55b5a1f51a506c3b,828,E_C_T
f3f82d3e23717807bb0fed26b2709663e8694522,829,Manuel_Adrian_Acuña-Zegarra
f3f82d3e23717807bb0fed26b2709663e8694522,830,Saúl_Díaz-Infante
f3f82d3e23717807bb0fed26b2709663e8694522,831,David_Baca-Carrasco
f3f82d3e23717807bb0fed26b2709663e8694522,832,Daniel_Olmos_Liceaga
2cd6d43c6118fbc222fa67d01d0c62d75c43cfee,833,Sonia_Contera
2cd6d43c6118fbc222fa67d01d0c62d75c43cfee,834,Jorge_Bernardino_De_La_Serna
2cd6d43c6118fbc222fa67d01d0c62d75c43cfee,835,Teresa_D_Tetley
3b0f29e7f3f3cfff2bd7ffc31c1ce223c11a25b5,836,Shubhadeep_Roychoudhury
3b0f29e7f3f3cfff2bd7ffc31c1ce223c11a25b5,837,Anandan_Das
3b0f29e7f3f3cfff2bd7ffc31c1ce223c11a25b5,838,Pallav_Sengupta
3b0f29e7f3f3cfff2bd7ffc31c1ce223c11a25b5,839,Sulagna_Dutta
3b0f29e7f3f3cfff2bd7ffc31c1ce223c11a25b5,840,Shatabhisha_Roychoudhury
3b0f29e7f3f3cfff2bd7ffc31c1ce223c11a25b5,841,Arun_Paul_Choudhury
3b0f29e7f3f3cfff2bd7ffc31c1ce223c11a25b5,842,A_B_Fuzayel_Ahmed
3b0f29e7f3f3cfff2bd7ffc31c1ce223c11a25b5,843,Saumendra_Bhattacharjee
3b0f29e7f3f3cfff2bd7ffc31c1ce223c11a25b5,844,Petr_Slama
3b0f29e7f3f3cfff2bd7ffc31c1ce223c11a25b5,845,A_B_F_A_)
